latitude,longitude,altitude,geometry,coordinates,description
,,,LineString,"79.87193373357505,22.546127502350828,53.80225054531923,23.72602962811161",Flux migratoire de l'Inde vers les Émirats Arabes Unis
,,,LineString,"123.11521958126856,12.37319808274272,138.5056029133088,36.9414496174369",Flux migratoire des Phillipines vers le Japon
,,,LineString,"89.93326679929638,24.225927006716514,79.87193373357505,22.546127502350828",Flux migratoire du Bandgladesh vers l'Inde
,,,LineString,"103.50724510770407,34.40945451749223,3.2628771564311903,46.59543615511063",Flux migratoire de la Chine vers la France
,,,LineString,"53.760356036488744,32.196699574763485,35.39121663768879,39.081192915116254",Flux migratoire de l'Iran vers la Turquie
,,,LineString,"121.81345197019937,-4.863191222886809,44.519118378847025,23.351722394657997",Flux migratoire de l'Indonésie vers l'Arabie Saoudite
,,,LineString,"96.32676088599797,21.747995248284994,100.78632017265946,16.115098642004487",Flux migratoire du Myanmar vers la Thaïlande
,,,LineString,"139.82396220030404,36.16482950458029,258.1516023029926,40.07521289440345",Flux migratoire du Japon vers les États-Unis
,,,LineString,"84.03892845655578,28.214538695493502,79.25669939964394,22.46493040955534",Flux migratoire du Nepal vers l'Inde
,,,LineString,"63.9778394328836,33.79758919180189,54.33164506085333,32.30819385698296",Flux migratoire de l'Afghanistan vers l'Iran
,,,LineString,"102.52387488752133,19.653589597974765,258.88793044559355,40.477539846778605",Flux migratoire du Laos vers les États-Unis
,,,LineString,"68.80578263505606,30.049066731580055,54.81504346608491,31.786718952844293",Flux migratoire du Pakistan vers l'Iran
,,,LineString,"107.80253544188452,14.333364410307398,258.59105539865766,40.00792578623306",Flux migratoire du Vietnam vers les États-Unis
,,,LineString,"80.6582180049666,7.6448932860580365,45.04646209364511,23.8751741751961",Flux migratoire du Sri-Lanka vers l'Arabie Saoudite
,,,LineString,"105.1837094468741,12.836824291720031,258.9758210647266,39.87315242654254",Flux migratoire du Cambodge vers les États-Unis
,,,LineString,"-55.76363054168225,-8.69996660997867,-101.97582106472659,39.87315242654254",Flux migratoire du Brésil vers les États-Unis
,,,LineString,"-55.76363054168225,-8.69996660997867,-64.8846829570386,-35.06053748076225",Flux migratoire du Brésil vers l'Argentine
,,,LineString,"-79.02980767206674,21.65935799218709,-101.97582106472659,39.87315242654254",Flux migratoire du Cuba vers les États-Unis
,,,LineString,"-119.51532299488834,36.56903904087581,-79.04192891423055,37.038995771868876",Flux migratoire de la Californie vers l'Est des États-Unis
,,,LineString,"-72.57545252195264,18.85982829460938,-70.22433417177795,18.931776915738666",Flux migratoire de Haïti vers la République Dominicaine
,,,LineString,"-103.35251547903252,24.09779373089975,-99.77855558640123,39.19531023647962",Flux migratoire du Mexique vers les États-Unis
,,,LineString,"-75.02378300580354,-10.515842723175725,-66.20304224403381,-35.276079386285794",Flux migratoire du Pérou vers l'Argentine
,,,LineString,"-75.02378300580354,-10.515842723175725,-69.98359735196706,-27.03325639413073",Flux migratoire du Pérou vers le Chili
,,,LineString,"-66.64354972682779,18.21023954817752,-102.23949292212562,39.670494949483505",Flux migratoire du Porto-Rico vers les États-Unis
,,,LineString,"-115.34903880742883,56.31894060134564,-75.67577970709064,45.459838108922185",Flux migratoire de la province de l'Alberta vers Ottawa
,,,LineString,"14.166172317141847,13.161242410285432,19.278161587909057,16.809937755166175","Flux migratoire du Niger (Lac Tchad) et l'intérieur des terres. Novembre 2020: 900 familles quittent le lac Tchad pour aller vers l'intérieur du Niger, la cause en est l'assèchement du lac Tchad."
,,,LineString,"31.28251245332252,6.838732801743175,31.668411830475623,9.529099482317546","Flux migratoire entre Jonglei et Malakal au Soudan du Sud.En 2020, 700 000 personnes se sont déplacées pour fuir les inondations de la région du Jonglei, des milliers jusqu'à Malakal."
,,,LineString,"29.999487172886134,0.20047618544582788,30.077729218388672,0.1705023874197423","Flux migratoire entre Kilembe et Kasese en Ouganda du Sud.En mai 2020, 10 000 personnes fuient leur village détruit par une avalanche de blocs de pierre,  elle-même provoquée par la crue de la rivière."
