geo_point_2d,pays,description,catastrophe_1,catastrophe_2,description_2,catastrophe_3,description_3
"-16.70688706,-64.684563",Bolivie,"Durant l'été 2021, l'Amérique du Sud est confronté à une vague de froid qui a particulièrement affecté l'économie du pays. En effet, elle a diminué les récoltes et les rendements et ainsi engendré une hausse des prix. Les pays se retrouvent touchés par des chutes de neige sans précédent. Des records de températures ont été battus dans plusieurs pays, comme l'Argentine, le Brésil ou encore le Paraguay.",Vague de froid,,,,
"22.896865053,79.613495427",Inde,"Près de 200 morts (88 au Népal, 102 Inde) en octobre 2021",Inondations,,,,
"-19.373043883,46.705892175",Madagascar,"La sécheresse actuelle vécue à Madagascar a débuté en novembre 2020 et a affecté particulièrement le sud de l'île. Elle a notamment engendré une famine importante. D'après l'ONU, cette sécheresse pourrait être à l'origine de la première famine due au changement climatique. Il a dérèglé le cyle climatique du pays qui ne bénéficie plus de sa saison des pluies, nécessaire au développement de l'agriculture. La situation témoigne bien de l'influence directe du changement climatique.",Sécheresse,,,,
"21.620182819,-79.027045313",Cuba,"""La Havane a été relativement épargnée, comparée aux villes de Camaguey, Santa Clara, Ciego de Avila, ou encore Sancti  Espiritu qui, du 7 au 10 octobre 2017, ont subi la puissance dévastatrice de vents de plus de 250 km/heure. Des arbres ont été  déracinés, et la végétation a été brûlée par les pluies salées qu’a dispersées l’ouragan. """,Ouragan,,,,
"7.61669031,80.703948439",Sri Lanka,"Le Sri Lanka est particulièrement touché par les inondations: en mai 2017, le pays a été confronté à une inondation particulièrement conséquente pour l'île: plus de 180 personnes ont perdu la vie, 500000 ont été déplacées et 2000 habitations ont été détruites",Inondations,,,,
"7.283488152,30.301159394",Soudan du Sud,Plus de 466000 personnes déplacées depuis mai 2021 à cause des inondations ayant touchées 22 comptés. On compte plus de 80 morts,Inondations,,,,
"45.666674151,-112.445106124",États-Unis,Des inondations ont touché le Tennessee fin août 2021 et ont causé la mort d'une vingtaine de personnes,Inondations,Vague de froid,"Le réchauffement climatique est responsable d'une vague de froid historique aux Etats-Unis en février 2021 qui touche particulièrement le Texas. Elle a causé la mort d'une vingtaine d'américan et plus de 3,5 millions de foyers ont été privés d'électricté en raison de coupures partielles afin d'éviter une surchauffe de tout le système face à la forte demande des citoyens. D'autres Etats sont également touchés à l'image du Mississippi, l'Oregon ou encore la Louisiane.",,
"-12.292318516,17.537245215",Angola,Le Sud de l'Angola est confronté à la pire sécheresse connue par le pays depuis 1981. Elle a des conséquences pour la population notamment en raison du fait que cette sécheresse accentue la famine dans le pays.,Sécheresse,,,,
"0.083197,113.338879128",Indonésie,"Le 22 décembre 2018, le volcan Anak Krakatau, en Indonésie entre en éruption et provoque un tsunami dans la soirée. Le bilan s'élève à 430 morts et plus de 20 000 personnes sont déplacées. Quelques jours plus tard, des explosions de cendres et des jets de pierres émergent du volcan.",Éruption Volcanique,Tsunami,"Un séisme de magnitude 7,5 à 70 km au nord de Célèbes entraine 20 minutes plus tard un tsunami atteignant 6 m qui détruit en particulier la ville de Palu18.",Tsunami,Une éruption de l'Anak Krakatoa provoque un tsunami qui déferle sur la côte vers 21 h 30 sur une longueur de 15 à 20 mètres à l'intérieur des terres.
"15.115362133,101.00396921",Thaïlande,"De novembre 2019 à juin 2020, la Thailande a été touchée par la sécheresse la plus rude depuis 40 ans. Sa saison sèche s'est allongée dans le temps. L'agriculture, notamment la culture du riz, et les conditions de vie des Thailandais ont été affectées par cette période particulièrement aride. Par conséquent, l'économie du pays s'est vue perturbée : l'année 2019 est celle où la croissance du pays a été la moins importante depuis 2014.",Sécheresse,,,,
"9.593629494,8.090629287",Nigeria,Près de 200 morts à cause des pluies à travers 13 Etats du Nigéria en septembre 2018,Inondations,,,,
"13.248352889,-61.193686846",Saint-Vincent-et-les-Grenadines,L’éruption actuelle de la Soufrière de Saint-Vincent a débuté fin décembre 2020 avec l’apparition du dôme de lave qui a ensuite grandi de manière assez constante entre le bord du cratère et l'ancien dôme de 1979.,Éruption Volcanique,,,,
"7.127335197,-66.16917236",Venezuela,Au moins 20 personnes ont perdu la vie dans des inondations dans l'Etat de Mérida en août 2021. Plus de 8000 logements ont été détruits et 54000 personnes ont été affectées,Inondations,,,,
"36.515570117,103.889889622",République populaire de Chine,De fortes pluies ont touché la Chine en octobre 2021 et ont causé la mort d'une vingtaine de personnes,Inondations,Vague de froid,La Chine est touchée par la plus intense et longue vague de froid qu'elle ait connue depuis 1951 depuis le début du mois d'octobre 2021.,Tornade,23 juin 2016 une tornade touche la province chinoise de Jiangsu. Les vents sont supérieurs à 125km/h. Cette tornade est accompagnée d'orages. Le nombre de victimes s'élève à 98 morts et plus de 800 blessés.
"23.949277241,-102.529313286",Mexique,"""Dans la nuit du jeudi 7 septembre 2017, le U.S. Geological Service a mesuré un séisme de magnitude 8,2 qui a frappé le Mexique du côté de l'État du Chiapas. Il s'agit du tremblement de terre le plus violent dont le pays a été  victime en 85 ans.""",Séisme,Séisme,"Séisme le 19 sept. 2017 dans l'État de Puebla d'une magnitude de 7,1. Ce séisme est plus faible que celui survenu 12 jours plus tôt, en revanche le nombre de victimes est bien plus élevé que le précédent. Les régions affectées sont : Puebla Morelos et la zone métropolitaine de la vallée de Mexico. Le nombre de victimes est de 369 morts et 6 011 blessés.",,
"18.939294448,-72.688580587",Haïti,"Le 14 août 2021, il n’a fallu que quelques secondes face à la secousse de magnitude 7,2, pour que des dizaines de milliers d’habitants, certains parmi les plus vulnérables du pays, perdent tout ce qu’ils possédaient.",Séisme,,,,
"-0.8385199,15.21842276",République du Congo,"Depuis à l'éruption du volcane Nyirangongo en Republique Démocratique du Congo le 22 mai 2021, des milliers de personnes ont fui leurs foyers à pied dans la nuit trasnportant des matelats et d'autres effets personnels alors que la lave s'écoulait vers Goma",Éruption Volcanique,,,,
"28.247608051,83.91682509",Népal,"Près de 200 morts (88 au Népal, 102 Inde) en octobre 2021",Inondations,Séismes,"Séries de séismes au Népal, à partir du 25 avril 2015, le premier séisme est le plus puissant des tremblement de terre au Népal depuis Janv. 1934. Tremblement de terre de Magnitude 7,9. Les régions affectées par ces tremblements de terre sont : Katmandou, Népal, Tibet (Chine) et l'Inde. Le nombre de victimes est d'au moins 8964 morts et au moins 23 447 blessés et 8 millions de sinistrés.",,
"-25.7346323,134.485927267",Australie,"L'Australie a subit une sécheresse longue et aride durant plusieurs mois, de décembre 2019 au début de l'année 2020. Elle a causé de nombreux incendies et eu des conséquences sur la faune et la flore du pays. D'après les scientifiques, des records de températures ont été atteints.",Sécheresse,,,,
"-29.000769062,25.08713544",Afrique du Sud,"L'Afrique du Sud est confronté en 2021 à une forte vague de froid. Le pays doit notamment faire des restrictions en matière d'électricité: face à la hausse de la demande due au froid inhabituel, le pays n'a pas la capacité de répondre aux besoins de ses citoyens et préfère ainsi conserver des réserves, en cas d'urgence. De plus, il produit plus de 80% de son électricité à partir de charbon: son retard dans la transition écologique risque d'être accentué face à la nécessité de répondre aux besoins des citoyens.",Vague de froid,,,,
"42.788467068,12.071243686",Italie,Le 3 juillet 2019 le Stromboli s'était montré particulièrement violent et avait provoqué la mort d'un randonneur.,Éruption Volcanique,Séisme,"Séisme d'une magnitude de 6,2 le 24 août 2016 dans la haute vallée de Tronto, la provinde de Rieti et dans la province d'Ascoli Piceno. Les régions affectées sont celles du Latium et Marches. Le nombre de victimes est de 298 morts et près de 400 blessés.",Séisme,"Quelques mois après le séisme du 24 août 2016, un autre séisme se déclanche le 26 oct. 2016 d'une magnitude de 5,4 et 6,1. le tremblement de terre se situe dans les régions des Marches et l'Ombrie, les effets se font ressentir jusqu'à Rome. Les régions affectées sont : Les Marches, Castelsantangelo sul Nera, Ombries, près de Sellano et Rome. Le nombre de victimes est d'un mort et 10 blessés."
"-32.798586099,-56.017018308",Uruguay,"Durant l'été 2021, l'Amérique du Sud est confronté à une vague de froid qui a particulièrement affecté l'économie du pays. En effet, elle a diminué les récoltes et les rendements et ainsi engendré une hausse des prix. Les pays se retrouvent touchés par des chutes de neige sans précédent. Des records de températures ont été battus dans plusieurs pays, comme l'Argentine, le Brésil ou encore le Paraguay.",Vague de froid,,,,
"33.836109759,66.008449313",Afghanistan,Les inondations dans le nord-est de l'Afghanistan ont fait plus de 100 morts et blessés en juillet 2021,Inondations,Séisme,"Collision entre les plaques indienne et eurasiatique, qui déclanche un séisme d'une magnitude de 7,5 le 25 oct. 2015 dans l'Hindou Kouch. Des dégâts sont à déplorer en Afghanistan, au Pakistan, au Tadjikistan et en Inde. Le nombre de victimes est de 398 morts et de 2536 blessés.",,
"-9.154403472,-74.378076549",Pérou,"Durant l'été 2021, l'Amérique du Sud est confronté à une vague de froid qui a particulièrement affecté l'économie du pays. En effet, elle a diminué les récoltes et les rendements et ainsi engendré une hausse des prix. Les pays se retrouvent touchés par des chutes de neige sans précédent. Des records de températures ont été battus dans plusieurs pays, comme l'Argentine, le Brésil ou encore le Paraguay.",Vague de froid,Séisme,"""Un séisme de magnitude 7,5 a frappé le nord du Pérou le 28 novembre 2021. Le séisme a frappé la jungle dans le  nord du pays ainsi qu'une vaste zone voisine de la côte centrale. La secousse a été ressentie dans quasiment la moitié  du pays, dans le Nord et le centre, notamment dans des régions comme Cajamarca, Piura, Tumbes, Lambayeque, Ancash  et dans la capitale.""",Séisme,"Le 26 mai 2019, le nord-est du Pérou subit un tremblement de terre de magnitude 8,3. Les effets sont ressentis en jusqu'en Colombie, en Équateur et au Brésil. Le séisme fait 1 mort et 26 blessés."
"17.418534099,9.386160816",Niger,71 morts et plus de 350 000 sinistrés dans le pays,Inondations,,,,
"50.638605698,4.638880342",Belgique,,Inondations,,,,
"3.908485424,-73.083339148",Colombie,Les inondations à Santiago de Cali ont fait 53 morts et engendré la destruction de plusieurs bâtiments,Inondations,,,,
,Iran,"Le 12 Nov. 2017 un séisme à lieu à la frontière irano-irakienne d'une magnitude de 7,3. l'Épicentre se situe en Iran dans la provinde de Kermanshah. La secousse principale est suivie par une centaine d'autres répliques. Le tremblement de terre est ressenti dans tout l'Irak, l'Iran et d'autres pays tels que les Émirats arabes unis, la Turquie et la Palestine. Le nombre de victimes est de 620 morts en Iran et 10 morts en Irak et en tout 8 500 blessés.",Séisme,,,,
,Chili,"Séisme au Chili le 16 sep. 2015, d'une magnitude de 8,3 au centre du Chili. Un fort risque de tsunami à aussi été déclaré au Chili, en Équateur, au Pérou, en Nouvelle-Zelande, aux Îles Fiji, Salomon, à Hawaii, en Californie et au Japon. Les Régions affectées par le séisme sont : le Chili et l'Argentine. Le nombre de victimes est de 14 morts et 34 blessés au Chili, ainsi qu'un mort et quelques blessés en Argentine. Un tsunami a bien été déclanché à la suite du tremblement de terre, la première vague a eu lieu quelques minutes après le séisme et la hauteur maximum du tsunami était de 4,5 m.",Séisme,,,,
,Costa Rica,"Le 13 nov. 2017 un séisme de 6,5 a lieu à 16 km au sud-est de Jaco, qui se situe à 100 km au sud-oust de la capitale San José. Les régions affectées sont le districts de Quepos, Parrita et Garabito. Le nombre de victimes est de 3 morts.",Séisme,,,,
,Irak,"Le 12 Nov. 2017 un séisme à lieu à la frontière irano-irakienne d'une magnitude de 7,3. l'Épicentre se situe en Iran dans la provinde de Kermanshah. La secousse principale est suivie par une centaine d'autres répliques. Le tremblement de terre est ressenti dans tout l'Irak, l'Iran et d'autres pays tels que les Émirats arabes unis, la Turquie et la Palestine. Le nombre de victimes est de 620 morts en Iran et 10 morts en Irak et en tout 8 500 blessés.",Séisme,,,,
,Albanie,"Le nord-ouest de l'Albanie est touché par un tremblement de terre de magnitude 6,4, le 26 Nov. 2019. L'épicentre du séisme se situe à 12km direction ouest-sus-ouest de Mamurras. Les tremblements sont ressenti jusqu'à Tirana et les pays voisins tel que la Macédoine du Nord, l'Italie et belgrade en Serbie. Le nombre de victimes est d'au moins 51 morts et 3000 blessés",Séisme,,,,
,Papouasie Nouvelle Guinée,"Le 26 Fév. 2018 la Papousie-Nouvelle-Guinée est touchée par un tremblement de terre de magnitude 7,5. Ce séisme fait 160 morts.",Séisme,,,,
,Russie,"En Sibérie, durant l'été 2021, des feux de forêt ont débuté et ont brûlé plusieurs miliers d'hectares. Ces incendies ont également eu des conséquences environnementales importantes et ont émis des émissions records de CO2, ce qui risque, à long terme, d'aggraver le changement climatique.",Incendie,Vague de froid,"En janvier 2017, l'Europe est touchée par une importante vague de froid. Elle a causé plus de 60 morts. Elle a eu des conséquences sur tout le continent. Des records de température ont été constaté dans plusieurs pays, comme la Russie ou encore la Hongrie",,
,Turquie,"Durant l'été 2021, la Turquie a été confrontée aux pires incendies qu'elle ait connue sur son territoire. Des villes, à l'image de Marmaris ont également été touchées.",Incendie,,,,
,Suède,Une sécheresse en mai 2018 a causé des feux de forêt qui durent trois semaines en Suède.,Incendie,,,,
"13.248352889,-61.193686846",Saint-Vincent-et-les-Grenadines,L’éruption actuelle de la Soufrière de Saint-Vincent a débuté fin décembre 2020 avec l’apparition du dôme de lave qui a ensuite grandi de manière assez constante entre le bord du cratère et l'ancien dôme de 1979.,Éruption Volcanique,,,,
"37.5266131903,-85.290271705",Kentucky,Dans la nuit du 10 au 11 décembre 2017 une séries de tornades s'abat sur l'État du Kentucky aux États-Unis. Cette tornade a fait des dégâts sur 300 km. Plus de 80 personnes sont décédées.,Tornade,,,,
"20.9859787277,-158.086396429",Hawaii,"Le 4 mai 2018, des coulées de lave impressionnante ravagent Big Island, la plus grande île de l’archipel d’Hawaii. Plus de 700 bâtiments sont détruits. Quelques jours plus tard, une explosion propulse des cendres jusqu’à 9000 mètres dans le ciel. Près de 2000 personnes sont évacuées. Il s’agit alors de la plus grosse éruption du volcan en 200 ans.",Éruption Volcanique,,,,
"32.7568296577,-86.8444910221",Alabama,"Le 3 mars 2019, une tornade touche l'Alabama avec des vents qui atteignent une vitesse maximal de 266km/h. Cette violente tornade cause la morts de 23 personnes.",Tornade,,,,
"37.215663101,-119.6632833",Californie,"En novembre 2018 a lieu le feu de forêt le plus meutrier de l'histoire récente des Etats-Unis, appelé le ""Camp fire"" en Californie. 88 personnes ont perdu la vie suite à cet incendie.",Incendie,Incendie,"""Plus de 800 pompiers californiens combattaient mercredi 13 octobre 2021 un brasier ayant déjà dévasté près de 55 km2 et forcé  les autorités à donner l'ordre d'évacuer les zones proches. Le principal obstacle a été les forts vents qui ont limité les accès sûrs  pour éteindre le feu et l'utilisation d'avions pour soutenir l'extinction du feu. Ce phénomène est notamment lié au réchauffement  de la planète : l'augmentation de la température et la multiplication des canicules, ce qui forme un cocktail incendiaire idéal.""",Sécheresse,La Californie est un Etat particulièrement touché par la sécheresse. Elle est notamment affectée par une sécheresse historique en octobre et novembre 2021. Les précipitations sont au plus bas depuis 1924 et ne suffisent plus à remplir les réservoirs d'eau. La hausse des températures a également des conséquences sur l'évaporation des sols. L'Etat est ainsi sujet à de nombreux incendies.
"18.215826121,-66.4128512894",Porto-Rico,"Le 16 septembre 2017, l'Ouragan Maria a laissé des stigmates pendant des mois sur l’île, en coupant l’eau, l’électricité, le téléphone et les routes, isolant de nombreux villages. Cette catastrophe naturelle a officiellement tué 2975 personnes sur l’île.",Ouragan,,,,
"31.4469773527,-99.3174904344",Texas,"Du 23 au 26 décembre 2015 plusieurs tornades ont lieu au Texas, avec des vents allant jusqu'à 320km/h. Ces tornades touchent les États du Mississippi, de l'Arkansas et du Tennessee. Ces dernières font 28 morts dont 11 au Texas.",Tornade,,,,
"74.770487694,-41.5001811149",Groenland,Une hausse des températures anormale a été constastée au Groenland au mois de juillet 2021. Cela a pour effet de faire fondre plus rapidement la calotte glacière et donc d'engendrer une montée des eaux plus importante. Des records de température ont été enregistrés.,Hausse des Températures,,,,
,Bali,"En novembre 2017, alors que le Mont Agung gronde depuis quelques jours à Bali, l’alerte maximale est décrétée et 135 000 personnes sont évacuées préventivement.",Éruption Volcanique,,,,
,Lac Tchad,"Depuis 1973, le lac Tchad s'assèche et perd une grande partie de sa superficie : il a perdu environ 90% de sa suface en eau. Cette situation a provoqué des conséquences pour la population. En effet, une crise humanitaire complexe s'est developpée autour du lac Tchad, en raison de l'apparition de groupes terroristes dans la région et du manque d'eau, comme le lac subvient aux besoin de plus de 30 millions de personnes. D'après l'ONU, « La région compte à présent 2,3 millions de personnes déplacées. Plus de 5 millions luttent pour avoir juste de quoi manger et un demi-million d’enfants souffrent de grave malnutrition »",Sécheresse,,,,
"-10.780131753,-53.091844533",Brésil,"En septembre 2021, face à sa pire sécheresse depuis près d’un siècle, le Brésil est confronté aux enjeux hydroélectriques, à un sévère manque d'eau et redoute un black-out.",Sécheresse,Incendie,"En 2019, l'Amazonie est confrontée à de nombreux feux de forêt. Il s'agit de phénomènes annuels naturels, toutefois, le changement climatique influence l'intensité de ces feux. Les incendies ont également généré un rejet important de C02, ce qui risque d'accentuer le réchauffement climatique.",,
"42.768408785,25.217690775",Bulgarie,"En août 2021, la Bulgarie a été confrontée à des feux de forêt. Deux personnes sont décédés suite aux incendies.",Incendie,,,,
"28.148919339,2.653067074",Algérie,"Au mois d'août 2021, l'Algérie s'est retrouvée confrontée à un nombre élevé de feux de forêt, de foyers différents. Ils ont causé la mort de plus de 90 personnes",Incendie,,,,
"61.38274426,-98.281774846",Canada,Plus de 300 feux de forêt actifs ont été detecté au Canada en juillet 2021. Ils ont engendré le deplacement de plus de 32000 de Canadiens.,Incendie,,,,
"55.1693044586,-114.510876187",Alberta,"Près de 2000 bâtiments ont été détruits et au moins 100000 personnes ont été jetées sur la route.Au total, quarante feux de forêt étaient en activité le 6 mai 2016 en Alberta. Ils étaient combattus par 1 200 pompiers, assistés de 110 hélicoptères, 27 avions de lutte contre les incendies et 295 engins de travaux publics.",Incendie,,,,
"47.162997206,19.396310975",Hongrie,"En janvier 2017, l'Europe est touchée par une importante vague de froid. Elle a causé plus de 60 morts. Elle a eu des conséquences sur tout le continent. Des records de température ont été constaté dans plusieurs pays, comme la Russie ou encore la Hongrie",Vague de froid,,,,
,Samos,"Le 30 oct. 2020, un tremblement de terre survient en pleine Mer Égée à environ 14 km au nord-est de l'île de Samos en Grèce de magnitude 7. Les tremblements sont ressentis jusqu'à Istanbul et Athènes. À Izmir et Vathy les secousses provoquent un mini-tsunami. En tout dans les deux pays en Grèce et en Turquie le nombre de victimes s'élèvent à 119 morts et 1041 blessés.",Séisme,,,,
